Emp ID,Name,Department,Gender,Hire Date,Salary
E1000,John Anderson,Admin,F,2015-01-04 00:00:00,299614
E1001,Bryan Brown,IT,F,2015-01-11 00:00:00,360718
E1002,Scott Miranda,Finance,F,2015-01-18 00:00:00,129282
E1003,Arthur Jackson,HR,M,2015-01-25 00:00:00,317724
E1004,David Higgins,HR,F,2015-02-01 00:00:00,263211
E1005,Angel Bowen,HR,M,2015-02-08 00:00:00,446941
E1006,Sharon Jensen,HR,M,2015-02-15 00:00:00,358032
E1007,James Maldonado,Finance,M,2015-02-22 00:00:00,272774
E1008,Lori Martin,Marketing,M,2015-03-01 00:00:00,476545
E1009,Jennifer Robertson,Finance,M,2015-03-08 00:00:00,339980
E1010,Jennifer Hunt,HR,F,2015-03-15 00:00:00,202864
E1011,James Rangel,HR,M,2015-03-22 00:00:00,398960
E1012,Gail Green,HR,M,2015-03-29 00:00:00,205206
E1013,Mary Maddox,Admin,M,2015-04-05 00:00:00,276785
E1014,Cynthia Green,IT,M,2015-04-12 00:00:00,389592
E1015,Tina Ritter,HR,M,2015-04-19 00:00:00,462677
E1016,Stephen Garcia,Finance,M,2015-04-26 00:00:00,305603
E1017,Michael Coffey,Finance,M,2015-05-03 00:00:00,285660
E1018,Dana Mcknight,IT,M,2015-05-10 00:00:00,317676
E1019,Erica Sullivan,HR,M,2015-05-17 00:00:00,336229
E1020,Amber Brown,HR,F,2015-05-24 00:00:00,143237
E1021,Cathy Fitzgerald,Marketing,M,2015-05-31 00:00:00,436285
E1022,Anne Jones,IT,F,2015-06-07 00:00:00,128980
E1023,Brian Bailey,Admin,M,2015-06-14 00:00:00,80706
E1024,Christine Christensen,Admin,M,2015-06-21 00:00:00,144531
E1025,Katherine Durham,IT,F,2015-06-28 00:00:00,228267
E1026,Angel Walker,Finance,M,2015-07-05 00:00:00,155922
E1027,Jon Smith,Finance,F,2015-07-12 00:00:00,220410
E1028,Shannon Valdez,IT,F,2015-07-19 00:00:00,311658
E1029,Larry Calderon,Marketing,M,2015-07-26 00:00:00,319331
E1030,John Myers,HR,F,2015-08-02 00:00:00,287811
E1031,Samantha Parsons,HR,M,2015-08-09 00:00:00,265774
E1032,Brittany Quinn,Admin,F,2015-08-16 00:00:00,132891
E1033,Jennifer Delacruz,IT,M,2015-08-23 00:00:00,293048
E1034,Edward Brown,IT,F,2015-08-30 00:00:00,400505
E1035,Katelyn Hall,Admin,F,2015-09-06 00:00:00,251052
E1036,Lauren Martin PhD,HR,F,2015-09-13 00:00:00,448265
E1037,Jeremy Turner,HR,F,2015-09-20 00:00:00,196055
E1038,Luke Martin,IT,M,2015-09-27 00:00:00,103341
E1039,Jorge Boyle,Finance,M,2015-10-04 00:00:00,449362
E1040,Michael Oliver,Marketing,F,2015-10-11 00:00:00,376706
E1041,Kathryn Mitchell,HR,F,2015-10-18 00:00:00,336413
E1042,Mrs. Angela Giles MD,HR,M,2015-10-25 00:00:00,308219
E1043,Donald Soto,Finance,F,2015-11-01 00:00:00,169431
E1044,Anna Pham,Marketing,F,2015-11-08 00:00:00,274857
E1045,Sarah Moore,Admin,M,2015-11-15 00:00:00,240824
E1046,Randy Rivera,Finance,F,2015-11-22 00:00:00,391894
E1047,Edwin Rose,Marketing,F,2015-11-29 00:00:00,94624
E1048,Mark Marshall,Admin,M,2015-12-06 00:00:00,325356
E1049,Danielle Hughes,Finance,F,2015-12-13 00:00:00,342816
E1050,Erik Butler,Admin,M,2015-12-20 00:00:00,102127
E1051,Mrs. Elizabeth Frazier,Marketing,F,2015-12-27 00:00:00,267551
E1052,Adam Ray,Finance,M,2016-01-03 00:00:00,333239
E1053,David Clements,Marketing,M,2016-01-10 00:00:00,393095
E1054,Ann Price,IT,M,2016-01-17 00:00:00,410305
E1055,Hannah Murphy,Finance,F,2016-01-24 00:00:00,253656
E1056,Julie Hanson,Admin,F,2016-01-31 00:00:00,444691
E1057,Jennifer Tapia,Finance,F,2016-02-07 00:00:00,459331
E1058,Ryan Hardy,Marketing,M,2016-02-14 00:00:00,257901
E1059,Mitchell Griffin,Finance,M,2016-02-21 00:00:00,453571
E1060,Mathew Yoder,Admin,M,2016-02-28 00:00:00,209776
E1061,Matthew Kelley,Finance,M,2016-03-06 00:00:00,116205
E1062,Kelly Duncan,IT,M,2016-03-13 00:00:00,335896
E1063,Joe Holmes,HR,F,2016-03-20 00:00:00,422411
E1064,Donna Lopez,IT,F,2016-03-27 00:00:00,102815
E1065,Bradley Glover,Admin,F,2016-04-03 00:00:00,136034
E1066,Scott Collins,Admin,F,2016-04-10 00:00:00,189837
E1067,Dale Nelson,HR,M,2016-04-17 00:00:00,146292
E1068,Joshua Luna,Finance,M,2016-04-24 00:00:00,116981
E1069,Roger Murphy,Admin,M,2016-05-01 00:00:00,395703
E1070,Joseph Mcdonald,IT,F,2016-05-08 00:00:00,465204
E1071,James Arnold,Finance,F,2016-05-15 00:00:00,98305
E1072,Matthew Yates,HR,F,2016-05-22 00:00:00,115140
E1073,Jordan Christian,Marketing,F,2016-05-29 00:00:00,241358
E1074,Jeffrey Ramos,Marketing,F,2016-06-05 00:00:00,105448
E1075,Richard Downs,Marketing,F,2016-06-12 00:00:00,450807
E1076,Jared Simpson,Finance,F,2016-06-19 00:00:00,244852
E1077,Brent Diaz,HR,F,2016-06-26 00:00:00,221248
E1078,Angela Daniels,Marketing,M,2016-07-03 00:00:00,408139
E1079,Kelly Forbes,IT,M,2016-07-10 00:00:00,414509
E1080,Cheryl Lopez,Marketing,M,2016-07-17 00:00:00,245065
E1081,Louis Rodriguez,IT,F,2016-07-24 00:00:00,494900
E1082,Aaron Ray,Finance,M,2016-07-31 00:00:00,448811
E1083,Sarah Phillips,Finance,F,2016-08-07 00:00:00,414034
E1084,Alexander Thomas,HR,M,2016-08-14 00:00:00,121442
E1085,Brianna Smith,Marketing,M,2016-08-21 00:00:00,107212
E1086,Ray Jackson,Finance,M,2016-08-28 00:00:00,317776
E1087,Terry Moore,HR,F,2016-09-04 00:00:00,275332
E1088,Michael Holt,Admin,M,2016-09-11 00:00:00,384197
E1089,Krista Li,Marketing,M,2016-09-18 00:00:00,455474
E1090,Nathan Ayala,IT,F,2016-09-25 00:00:00,453396
E1091,Julie Lopez,HR,F,2016-10-02 00:00:00,241017
E1092,Brittany Barnett,Marketing,F,2016-10-09 00:00:00,389671
E1093,Joe Ramirez,Marketing,M,2016-10-16 00:00:00,338038
E1094,Devin Thomas,IT,F,2016-10-23 00:00:00,161244
E1095,Claudia Rodriguez MD,Admin,F,2016-10-30 00:00:00,129725
E1096,Jeremiah Butler,IT,F,2016-11-06 00:00:00,327189
E1097,Albert Macias,IT,M,2016-11-13 00:00:00,116919
E1098,Morgan Garrett,IT,M,2016-11-20 00:00:00,486548
E1099,Jack Conrad,IT,M,2016-11-27 00:00:00,408316
E1100,Andrew Valdez,IT,M,2016-12-04 00:00:00,330657
E1101,Angela Cunningham,Marketing,M,2016-12-11 00:00:00,208189
E1102,Susan Petersen,Admin,M,2016-12-18 00:00:00,307006
E1103,William Miller,HR,M,2016-12-25 00:00:00,219634
E1104,Grace Camacho,Finance,F,2017-01-01 00:00:00,445566
E1105,Pamela Williams,Marketing,F,2017-01-08 00:00:00,94542
E1106,Janice Lee,Finance,F,2017-01-15 00:00:00,423060
E1107,Raymond Osborne,Marketing,M,2017-01-22 00:00:00,286519
E1108,Elizabeth Hernandez,Marketing,M,2017-01-29 00:00:00,284605
E1109,Roy Baker,Finance,F,2017-02-05 00:00:00,350961
E1110,Angela Long,Marketing,F,2017-02-12 00:00:00,378557
E1111,Joseph Reese,Marketing,F,2017-02-19 00:00:00,318737
E1112,Mr. William Ingram,Finance,M,2017-02-26 00:00:00,84581
E1113,Jose Elliott,Finance,F,2017-03-05 00:00:00,90528
E1114,William Parker,Finance,F,2017-03-12 00:00:00,315809
E1115,Michael Clark,IT,F,2017-03-19 00:00:00,208434
E1116,Steven Cox,Admin,M,2017-03-26 00:00:00,400954
E1117,Catherine Davis,IT,M,2017-04-02 00:00:00,278081
E1118,Angela Wolf,Marketing,F,2017-04-09 00:00:00,285983
E1119,Michael Cortez,HR,M,2017-04-16 00:00:00,214592
E1120,Jeffery Richardson,HR,M,2017-04-23 00:00:00,172579
E1121,Deborah Payne,IT,F,2017-04-30 00:00:00,395358
E1122,Monica Chambers,Admin,M,2017-05-07 00:00:00,434759
E1123,Christopher Edwards,IT,M,2017-05-14 00:00:00,374376
E1124,Kelsey Dominguez,Admin,F,2017-05-21 00:00:00,252120
E1125,Kirsten Brown,IT,M,2017-05-28 00:00:00,457220
E1126,Ryan Snyder,Admin,M,2017-06-04 00:00:00,144792
E1127,Scott Morales,Marketing,F,2017-06-11 00:00:00,106664
E1128,Jaime Johnson,Marketing,F,2017-06-18 00:00:00,388231
E1129,Darlene Lutz,Admin,M,2017-06-25 00:00:00,171846
E1130,Ashlee Schmitt,Marketing,M,2017-07-02 00:00:00,213914
E1131,Elizabeth Perez,HR,F,2017-07-09 00:00:00,449253
E1132,Courtney Anderson,Marketing,M,2017-07-16 00:00:00,202046
E1133,Megan Romero,Finance,M,2017-07-23 00:00:00,460527
E1134,Stefanie Jensen,Marketing,F,2017-07-30 00:00:00,121587
E1135,Julia Bryant MD,Finance,F,2017-08-06 00:00:00,257984
E1136,Kenneth Bradford,HR,M,2017-08-13 00:00:00,331283
E1137,Cassidy Thomas,Marketing,M,2017-08-20 00:00:00,344308
E1138,Raymond Davis,IT,M,2017-08-27 00:00:00,329919
E1139,Mr. Steven Foster Jr.,IT,M,2017-09-03 00:00:00,114147
E1140,Anita Bennett,HR,M,2017-09-10 00:00:00,393924
E1141,Erika Lopez,Admin,F,2017-09-17 00:00:00,426337
E1142,Kristina Cortez,Marketing,F,2017-09-24 00:00:00,327288
E1143,Robert Aguilar,Admin,F,2017-10-01 00:00:00,370872
E1144,Christina Herrera,IT,M,2017-10-08 00:00:00,495260
E1145,Jared Peterson,Marketing,M,2017-10-15 00:00:00,94799
E1146,Kyle Andrade,HR,F,2017-10-22 00:00:00,477259
E1147,Andrea Santos,IT,F,2017-10-29 00:00:00,272627
E1148,Richard Harris,IT,M,2017-11-05 00:00:00,125184
E1149,Laura Cooper,IT,F,2017-11-12 00:00:00,170479
E1150,Veronica Martin,Marketing,F,2017-11-19 00:00:00,335746
E1151,William Lee,Admin,M,2017-11-26 00:00:00,481341
E1152,Kim Nelson,Admin,F,2017-12-03 00:00:00,357652
E1153,Stephanie Davis,HR,M,2017-12-10 00:00:00,430603
E1154,Ricky Briggs,HR,M,2017-12-17 00:00:00,98893
E1155,Ryan Lopez,Finance,F,2017-12-24 00:00:00,418049
E1156,Perry Martinez,HR,F,2017-12-31 00:00:00,214086
E1157,Shelly Williams,Finance,M,2018-01-07 00:00:00,427286
E1158,Stephanie Trujillo,Finance,F,2018-01-14 00:00:00,398189
E1159,Tyler Tucker,Finance,M,2018-01-21 00:00:00,324952
E1160,Megan Carlson,Marketing,F,2018-01-28 00:00:00,83959
E1161,Lauren Simmons,Finance,F,2018-02-04 00:00:00,364093
E1162,Edward Adams,Marketing,M,2018-02-11 00:00:00,413372
E1163,Thomas Clayton,IT,M,2018-02-18 00:00:00,278282
E1164,Kenneth Haynes,IT,F,2018-02-25 00:00:00,367750
E1165,Ryan Watkins,Marketing,M,2018-03-04 00:00:00,343086
E1166,Christopher Meyer,Admin,M,2018-03-11 00:00:00,122759
E1167,Sean Davis,IT,F,2018-03-18 00:00:00,271646
E1168,Daniel Harris,HR,M,2018-03-25 00:00:00,126812
E1169,Thomas Long,IT,F,2018-04-01 00:00:00,297854
E1170,Kathleen Waters,Admin,M,2018-04-08 00:00:00,295978
E1171,Jamie Hernandez,Admin,F,2018-04-15 00:00:00,266092
E1172,Chris Johnson,Finance,M,2018-04-22 00:00:00,199040
E1173,Wendy Thomas,IT,F,2018-04-29 00:00:00,267907
E1174,Laura Williams,Admin,M,2018-05-06 00:00:00,379614
E1175,Matthew Nelson,Admin,F,2018-05-13 00:00:00,237064
E1176,Melissa Lyons,Admin,F,2018-05-20 00:00:00,207002
E1177,Robert Simmons,HR,M,2018-05-27 00:00:00,138785
E1178,Joseph Mitchell,HR,M,2018-06-03 00:00:00,130531
E1179,Janet Stone,IT,M,2018-06-10 00:00:00,233381
E1180,Teresa Chapman,Marketing,M,2018-06-17 00:00:00,415963
E1181,Derek Knox,IT,F,2018-06-24 00:00:00,462324
E1182,Susan Ramirez,Marketing,M,2018-07-01 00:00:00,186424
E1183,Joseph Douglas,HR,F,2018-07-08 00:00:00,235648
E1184,William Morris,IT,M,2018-07-15 00:00:00,221212
E1185,Tina Stanton,HR,M,2018-07-22 00:00:00,81438
E1186,Manuel Garner,IT,F,2018-07-29 00:00:00,88599
E1187,Jonathan Bell,HR,F,2018-08-05 00:00:00,346608
E1188,Jacob Bowman,Finance,M,2018-08-12 00:00:00,473124
E1189,Daniel Price,HR,M,2018-08-19 00:00:00,366747
E1190,Justin Burns,Finance,M,2018-08-26 00:00:00,363885
E1191,Alexandria Jones,HR,F,2018-09-02 00:00:00,253987
E1192,Ruben Williams,Finance,M,2018-09-09 00:00:00,228014
E1193,Lisa Nash,Marketing,M,2018-09-16 00:00:00,323694
E1194,Dr. Kimberly Hernandez,IT,M,2018-09-23 00:00:00,105215
E1195,Jessica Phillips,Admin,F,2018-09-30 00:00:00,109728
E1196,Mike Johnson,Marketing,M,2018-10-07 00:00:00,364248
E1197,Anthony Burch,Admin,F,2018-10-14 00:00:00,111291
E1198,Amy Donovan,Marketing,F,2018-10-21 00:00:00,142752
E1199,Jasmine Cherry,Admin,M,2018-10-28 00:00:00,468530
E1200,Thomas Tran,IT,F,2018-11-04 00:00:00,384564
E1201,Dana Beck,HR,M,2018-11-11 00:00:00,477068
E1202,Theresa Flores,Admin,M,2018-11-18 00:00:00,333434
E1203,Douglas Boyd,Admin,M,2018-11-25 00:00:00,483267
E1204,Kathryn Klein,HR,M,2018-12-02 00:00:00,467196
E1205,Catherine Moran,Admin,M,2018-12-09 00:00:00,145370
E1206,Danielle Miller,Finance,M,2018-12-16 00:00:00,489954
E1207,Spencer Vazquez,HR,M,2018-12-23 00:00:00,484408
E1208,Joshua Adkins,Admin,M,2018-12-30 00:00:00,190703
E1209,Jessica Brock,Finance,F,2019-01-06 00:00:00,196467
E1210,Debbie Blevins,Finance,F,2019-01-13 00:00:00,482945
E1211,Bradley Roberts,Admin,M,2019-01-20 00:00:00,122613
E1212,Michael Hardy,Finance,M,2019-01-27 00:00:00,197931
E1213,Vincent Hart,HR,F,2019-02-03 00:00:00,267086
E1214,Kathy Erickson,Admin,M,2019-02-10 00:00:00,243846
E1215,Perry Michael,Finance,F,2019-02-17 00:00:00,226007
E1216,Sarah Walters,Marketing,M,2019-02-24 00:00:00,102522
E1217,Ronald Mays,IT,F,2019-03-03 00:00:00,323090
E1218,Andrea Sheppard,IT,F,2019-03-10 00:00:00,382798
E1219,Patricia Romero,Finance,M,2019-03-17 00:00:00,94434
E1220,Adrian Santos,Marketing,F,2019-03-24 00:00:00,319813
E1221,Megan Lewis,HR,F,2019-03-31 00:00:00,276344
E1222,Thomas Garcia,Admin,F,2019-04-07 00:00:00,453593
E1223,Alexis Dunlap,Marketing,M,2019-04-14 00:00:00,109586
E1224,Dustin Watts,HR,F,2019-04-21 00:00:00,156876
E1225,Laurie Moreno DDS,IT,M,2019-04-28 00:00:00,440701
E1226,William Atkinson,HR,M,2019-05-05 00:00:00,327455
E1227,Jake Brown,IT,F,2019-05-12 00:00:00,172936
E1228,Cynthia Conley,HR,M,2019-05-19 00:00:00,242249
E1229,Cody Summers,HR,F,2019-05-26 00:00:00,452591
E1230,Michael Morgan,IT,F,2019-06-02 00:00:00,278825
E1231,Harry Jones,IT,M,2019-06-09 00:00:00,474990
E1232,Whitney Mercer,Finance,M,2019-06-16 00:00:00,439571
E1233,Mark Lewis,IT,M,2019-06-23 00:00:00,349445
E1234,Dr. Megan Price,Admin,F,2019-06-30 00:00:00,113327
E1235,Scott Ford,Marketing,F,2019-07-07 00:00:00,491111
E1236,Jaime Berry,Marketing,F,2019-07-14 00:00:00,166569
E1237,Sharon Johnson,Finance,M,2019-07-21 00:00:00,227252
E1238,Sara Taylor,Admin,M,2019-07-28 00:00:00,416002
E1239,Elizabeth Clayton,Marketing,M,2019-08-04 00:00:00,496953
E1240,Teresa Maxwell,Admin,M,2019-08-11 00:00:00,485232
E1241,Katherine Jenkins,Finance,F,2019-08-18 00:00:00,109852
E1242,David Dean,IT,F,2019-08-25 00:00:00,180530
E1243,Diana Banks,Admin,M,2019-09-01 00:00:00,130762
E1244,Martin Douglas,IT,F,2019-09-08 00:00:00,216567
E1245,Marie Brown,Finance,F,2019-09-15 00:00:00,107576
E1246,Paul Cunningham,Finance,F,2019-09-22 00:00:00,94650
E1247,Elijah Orozco,Marketing,M,2019-09-29 00:00:00,335836
E1248,Nathaniel Carlson,Marketing,F,2019-10-06 00:00:00,166534
E1249,Robert Lucas,IT,F,2019-10-13 00:00:00,125474
E1250,Robin Leon,HR,M,2019-10-20 00:00:00,364405
E1251,Mark Preston DDS,IT,F,2019-10-27 00:00:00,348102
E1252,Jenny Abbott,Admin,F,2019-11-03 00:00:00,91629
E1253,Jill Lambert,Marketing,M,2019-11-10 00:00:00,355396
E1254,Elizabeth Edwards,IT,F,2019-11-17 00:00:00,154486
E1255,Rebecca Franklin,Admin,M,2019-11-24 00:00:00,417183
E1256,Carla Shepherd,IT,F,2019-12-01 00:00:00,319405
E1257,Stacey Curry,Finance,M,2019-12-08 00:00:00,266393
E1258,Charles Espinoza,Finance,F,2019-12-15 00:00:00,339948
E1259,John Mason,Finance,M,2019-12-22 00:00:00,229894
E1260,Heather Hernandez,HR,M,2019-12-29 00:00:00,257678
E1261,Joseph Gibson,HR,M,2020-01-05 00:00:00,321361
E1262,Amanda Harmon,Finance,M,2020-01-12 00:00:00,170367
E1263,Juan Banks,HR,F,2020-01-19 00:00:00,317958
E1264,Christopher Perkins,Admin,F,2020-01-26 00:00:00,410203
E1265,Sarah Dominguez,Marketing,F,2020-02-02 00:00:00,361510
E1266,Dr. Karen Lee,IT,M,2020-02-09 00:00:00,91301
E1267,Brandon Fowler,IT,F,2020-02-16 00:00:00,88478
E1268,David Mccarthy,IT,F,2020-02-23 00:00:00,332821
E1269,Andrea Deleon,IT,F,2020-03-01 00:00:00,490722
E1270,Melanie Grant,IT,F,2020-03-08 00:00:00,157135
E1271,Ryan Long,HR,M,2020-03-15 00:00:00,178969
E1272,Austin Bernard,Marketing,F,2020-03-22 00:00:00,331073
E1273,Jose White,HR,M,2020-03-29 00:00:00,482735
E1274,Todd Thompson,Admin,F,2020-04-05 00:00:00,141656
E1275,Teresa Ortega,Admin,M,2020-04-12 00:00:00,192710
E1276,Pamela Dominguez,HR,M,2020-04-19 00:00:00,491500
E1277,Sydney Jackson,HR,F,2020-04-26 00:00:00,83262
E1278,Brian Hawkins,Finance,F,2020-05-03 00:00:00,217037
E1279,John Frye,Marketing,M,2020-05-10 00:00:00,306436
E1280,Shannon Johnson,Marketing,F,2020-05-17 00:00:00,120047
E1281,Adam Anderson,Finance,M,2020-05-24 00:00:00,364761
E1282,Julie Sosa,Admin,M,2020-05-31 00:00:00,238089
E1283,Jeffrey Campbell,Marketing,M,2020-06-07 00:00:00,90262
E1284,Cathy Smith,HR,F,2020-06-14 00:00:00,398118
E1285,Nathaniel Sanchez,HR,M,2020-06-21 00:00:00,257951
E1286,Tyler White,Finance,F,2020-06-28 00:00:00,297351
E1287,Carly Young,IT,F,2020-07-05 00:00:00,167958
E1288,David Hernandez MD,IT,M,2020-07-12 00:00:00,232835
E1289,Andrea Neal,Admin,M,2020-07-19 00:00:00,349720
E1290,Sharon Pollard,Finance,M,2020-07-26 00:00:00,91969
E1291,Angela Randolph,Finance,M,2020-08-02 00:00:00,258121
E1292,Maria Clark,HR,F,2020-08-09 00:00:00,439757
E1293,Robert Rogers,Marketing,F,2020-08-16 00:00:00,262380
E1294,Cindy Ryan,Finance,F,2020-08-23 00:00:00,206061
E1295,Shawn Ochoa,Finance,F,2020-08-30 00:00:00,282486
E1296,Jason Wilson,Finance,M,2020-09-06 00:00:00,485819
E1297,Cory Jenkins,HR,F,2020-09-13 00:00:00,349309
E1298,Julie Fleming,Finance,M,2020-09-20 00:00:00,189275
E1299,Travis Deleon,Admin,F,2020-09-27 00:00:00,497130
E1300,Scott Chavez,HR,F,2020-10-04 00:00:00,302104
E1301,Cynthia Wallace,HR,F,2020-10-11 00:00:00,86669
E1302,Jesse Hicks,Marketing,F,2020-10-18 00:00:00,280539
E1303,Patrick Martin,IT,M,2020-10-25 00:00:00,357291
E1304,Amanda Webb,Marketing,M,2020-11-01 00:00:00,308119
E1305,Olivia Jimenez,IT,F,2020-11-08 00:00:00,309421
E1306,Thomas Martin,Admin,M,2020-11-15 00:00:00,438623
E1307,Megan Estes,HR,F,2020-11-22 00:00:00,281433
E1308,Curtis Watson,Marketing,M,2020-11-29 00:00:00,451360
E1309,Mary Holmes,Finance,M,2020-12-06 00:00:00,304328
E1310,Kimberly Christensen,Admin,M,2020-12-13 00:00:00,152957
E1311,Cheryl Webb,IT,F,2020-12-20 00:00:00,131577
E1312,Carrie Weaver,Marketing,M,2020-12-27 00:00:00,305230
E1313,Michelle Rocha,Marketing,F,2021-01-03 00:00:00,192365
E1314,Edwin Small,Marketing,M,2021-01-10 00:00:00,447622
E1315,Danny Mason,HR,M,2021-01-17 00:00:00,290517
E1316,William Kirk,IT,M,2021-01-24 00:00:00,297957
E1317,Valerie Cervantes,Marketing,M,2021-01-31 00:00:00,121568
E1318,Melissa Boyle,Marketing,F,2021-02-07 00:00:00,301325
E1319,Eric Vang,Admin,M,2021-02-14 00:00:00,128155
E1320,Keith White,Finance,F,2021-02-21 00:00:00,214652
E1321,David Wood,Admin,F,2021-02-28 00:00:00,448428
E1322,Christina Martinez,IT,F,2021-03-07 00:00:00,463613
E1323,Christopher Rangel,Marketing,F,2021-03-14 00:00:00,166617
E1324,Dawn White,Finance,F,2021-03-21 00:00:00,368087
E1325,Derek Christensen,Finance,F,2021-03-28 00:00:00,362432
E1326,Paul Reyes,IT,F,2021-04-04 00:00:00,275005
E1327,David Parker,IT,F,2021-04-11 00:00:00,273457
E1328,Samantha Richards,Finance,F,2021-04-18 00:00:00,139180
E1329,Stacy Boyd,IT,M,2021-04-25 00:00:00,167872
E1330,Holly Gamble,Finance,F,2021-05-02 00:00:00,100812
E1331,Sheri Aguirre,Finance,F,2021-05-09 00:00:00,316332
E1332,Julie Acosta,Admin,F,2021-05-16 00:00:00,324512
E1333,Erin Newman,Admin,M,2021-05-23 00:00:00,315040
E1334,Derek Weber,IT,M,2021-05-30 00:00:00,113295
E1335,Sean Garcia,Admin,M,2021-06-06 00:00:00,495222
E1336,Michelle Heath,IT,F,2021-06-13 00:00:00,233482
E1337,Molly Chan,IT,F,2021-06-20 00:00:00,390993
E1338,Brandon Steele,Finance,F,2021-06-27 00:00:00,269202
E1339,Judith Perez,Finance,F,2021-07-04 00:00:00,287528
E1340,Jennifer Mitchell,HR,F,2021-07-11 00:00:00,239626
E1341,Christopher Bradley,IT,F,2021-07-18 00:00:00,294525
E1342,Gavin Howell,HR,F,2021-07-25 00:00:00,173998
E1343,Erin Castro,HR,M,2021-08-01 00:00:00,457554
E1344,Christopher Acosta,Admin,M,2021-08-08 00:00:00,290222
E1345,John Harris,Marketing,M,2021-08-15 00:00:00,103488
E1346,Jim Wilson,IT,F,2021-08-22 00:00:00,363819
E1347,Jonathan Reynolds,Marketing,F,2021-08-29 00:00:00,432050
E1348,Valerie Ruiz,HR,M,2021-09-05 00:00:00,141830
E1349,Heather Rodriguez,HR,M,2021-09-12 00:00:00,321209
E1350,Caitlin Miles,Marketing,M,2021-09-19 00:00:00,297859
E1351,Michelle Hunter,HR,M,2021-09-26 00:00:00,377864
E1352,Joshua Salazar,Finance,M,2021-10-03 00:00:00,433601
E1353,Thomas Sosa,HR,M,2021-10-10 00:00:00,174371
E1354,Eric Silva,Admin,F,2021-10-17 00:00:00,483044
E1355,Rhonda Zavala,Marketing,M,2021-10-24 00:00:00,192210
E1356,Yvette Pierce,Admin,M,2021-10-31 00:00:00,121480
E1357,Richard Brown,Admin,M,2021-11-07 00:00:00,229788
E1358,Kyle Patterson,HR,F,2021-11-14 00:00:00,438612
E1359,Erica Love,Admin,F,2021-11-21 00:00:00,459244
E1360,Richard Lopez,IT,M,2021-11-28 00:00:00,479211
E1361,Alyssa Smith,IT,M,2021-12-05 00:00:00,268129
E1362,James Greene,Admin,F,2021-12-12 00:00:00,88107
E1363,Thomas Gray,Marketing,M,2021-12-19 00:00:00,230437
E1364,Jacob Williams,Admin,F,2021-12-26 00:00:00,371019
E1365,Benjamin Luna,HR,F,2022-01-02 00:00:00,142740
E1366,Robert Moore,Admin,M,2022-01-09 00:00:00,122348
E1367,Daniel Leach,Marketing,M,2022-01-16 00:00:00,443259
E1368,Jorge Brown,Finance,F,2022-01-23 00:00:00,450426
E1369,Kevin Massey,Finance,F,2022-01-30 00:00:00,268921
E1370,Michael Hughes,Marketing,F,2022-02-06 00:00:00,81660
E1371,Thomas Torres,Finance,F,2022-02-13 00:00:00,482297
E1372,Vanessa Young,Admin,F,2022-02-20 00:00:00,449324
E1373,Elizabeth Baker,Finance,F,2022-02-27 00:00:00,90417
E1374,Michael Knapp,Admin,M,2022-03-06 00:00:00,97824
E1375,Mr. Thomas Young,IT,F,2022-03-13 00:00:00,450145
E1376,Sherry Hernandez,Finance,F,2022-03-20 00:00:00,121500
E1377,Shawn Smith,HR,F,2022-03-27 00:00:00,334342
E1378,Kathleen Miller,IT,F,2022-04-03 00:00:00,179825
E1379,Craig Vaughn,Admin,M,2022-04-10 00:00:00,348779
E1380,Stephanie Woods,IT,F,2022-04-17 00:00:00,145285
E1381,Nicholas Arellano,Marketing,M,2022-04-24 00:00:00,293667
E1382,Christopher Mendoza,Finance,M,2022-05-01 00:00:00,468411
E1383,Andrea Jones,HR,M,2022-05-08 00:00:00,226072
E1384,Valerie Benton,Marketing,M,2022-05-15 00:00:00,102288
E1385,Jordan Allen,Finance,M,2022-05-22 00:00:00,334186
E1386,Patricia Smith,HR,F,2022-05-29 00:00:00,454092
E1387,Samantha Miranda,Admin,M,2022-06-05 00:00:00,143083
E1388,James Chavez,Finance,M,2022-06-12 00:00:00,317430
E1389,Mr. Pedro Holmes,Marketing,F,2022-06-19 00:00:00,89297
E1390,Sierra Orr,HR,F,2022-06-26 00:00:00,386089
E1391,Michelle Thomas,Finance,F,2022-07-03 00:00:00,105317
E1392,William Olsen,Admin,F,2022-07-10 00:00:00,138766
E1393,Steven Glover,Marketing,M,2022-07-17 00:00:00,464003
E1394,Danielle Rodriguez,IT,M,2022-07-24 00:00:00,295324
E1395,Rebecca Acosta,Marketing,M,2022-07-31 00:00:00,257413
E1396,Rachel Cooper,Marketing,M,2022-08-07 00:00:00,310953
E1397,Joshua Jones,Marketing,F,2022-08-14 00:00:00,222016
E1398,Ronald Hughes,Admin,M,2022-08-21 00:00:00,104084
E1399,Tracy Henry,Admin,M,2022-08-28 00:00:00,454573
E1400,Denise Hall,Finance,M,2022-09-04 00:00:00,454487
E1401,Victoria Hernandez,HR,M,2022-09-11 00:00:00,359080
E1402,James Barber,Finance,F,2022-09-18 00:00:00,101021
E1403,Cassandra Martin,IT,F,2022-09-25 00:00:00,207495
E1404,Terri Patterson,IT,F,2022-10-02 00:00:00,86977
E1405,Carrie Hanson,Admin,F,2022-10-09 00:00:00,221075
E1406,Daniel Fox,Admin,F,2022-10-16 00:00:00,218429
E1407,Roger Smith,Admin,M,2022-10-23 00:00:00,144336
E1408,Justin Gregory,IT,M,2022-10-30 00:00:00,248955
E1409,Tony Parker,IT,F,2022-11-06 00:00:00,208533
E1410,Patricia Ward,Finance,M,2022-11-13 00:00:00,430934
E1411,Kelsey Hall,Finance,F,2022-11-20 00:00:00,302359
E1412,Jeremy Hall,HR,F,2022-11-27 00:00:00,250449
E1413,Jacob Gomez,Marketing,F,2022-12-04 00:00:00,497642
E1414,Lisa Randolph,IT,M,2022-12-11 00:00:00,195815
E1415,Christopher Reed DDS,Marketing,M,2022-12-18 00:00:00,464969
E1416,Karen Mendoza,IT,F,2022-12-25 00:00:00,164466
E1417,Tony Young,Admin,M,2023-01-01 00:00:00,269266
E1418,Brandon Newman,IT,M,2023-01-08 00:00:00,132296
E1419,Bryan Stephens,Marketing,F,2023-01-15 00:00:00,206605
E1420,Marcia Pearson,Admin,M,2023-01-22 00:00:00,352722
E1421,Stacey Thomas,Marketing,F,2023-01-29 00:00:00,271958
E1422,Jonathan Adams,Marketing,F,2023-02-05 00:00:00,482277
E1423,Joseph Friedman,Finance,M,2023-02-12 00:00:00,198847
E1424,Barry Melton,IT,F,2023-02-19 00:00:00,497800
E1425,Harold Reed,Finance,M,2023-02-26 00:00:00,197732
E1426,Daniel Knight,Marketing,M,2023-03-05 00:00:00,332928
E1427,Mrs. Nancy Moody,IT,F,2023-03-12 00:00:00,94038
E1428,Kristopher Bean,Admin,F,2023-03-19 00:00:00,321737
E1429,Ruth Lamb,Marketing,M,2023-03-26 00:00:00,422611
E1430,Stacie Martin DDS,HR,M,2023-04-02 00:00:00,368887
E1431,Holly Gardner,Finance,F,2023-04-09 00:00:00,435881
E1432,Edward Walker,Marketing,F,2023-04-16 00:00:00,413454
E1433,Timothy Williams,IT,F,2023-04-23 00:00:00,183972
E1434,Dennis Walls Jr.,IT,M,2023-04-30 00:00:00,493570
E1435,Denise Simon,HR,M,2023-05-07 00:00:00,211546
E1436,Trevor Robinson,IT,F,2023-05-14 00:00:00,261077
E1437,Rachel Martin,IT,M,2023-05-21 00:00:00,239437
E1438,Dr. Kimberly Brock DDS,Finance,F,2023-05-28 00:00:00,408828
E1439,Richard Hogan,IT,F,2023-06-04 00:00:00,96257
E1440,Lauren Palmer,IT,M,2023-06-11 00:00:00,150490
E1441,Kristina Smith,Finance,M,2023-06-18 00:00:00,171535
E1442,Michael Mahoney,HR,F,2023-06-25 00:00:00,206618
E1443,Cheyenne Clark,Finance,M,2023-07-02 00:00:00,201867
E1444,Jason Butler,Marketing,F,2023-07-09 00:00:00,165319
E1445,Penny Allen,Finance,M,2023-07-16 00:00:00,120053
E1446,Danielle Ray,Finance,F,2023-07-23 00:00:00,496242
E1447,David Stevenson,HR,F,2023-07-30 00:00:00,343708
E1448,Teresa Sampson,Admin,M,2023-08-06 00:00:00,284608
E1449,Willie Shepherd,IT,M,2023-08-13 00:00:00,191206
E1450,Kurt Bates,Admin,F,2023-08-20 00:00:00,294736
E1451,Tanya Murphy,HR,M,2023-08-27 00:00:00,361681
E1452,Nicole Short,Admin,M,2023-09-03 00:00:00,155796
E1453,Jennifer Gonzales,Marketing,M,2023-09-10 00:00:00,344299
E1454,Katherine Wallace,IT,M,2023-09-17 00:00:00,332925
E1455,Diana Sharp,Admin,F,2023-09-24 00:00:00,472383
E1456,Nicholas Wilkinson,Finance,M,2023-10-01 00:00:00,412518
E1457,Mason Liu,Finance,M,2023-10-08 00:00:00,145004
E1458,Dr. Lisa Adams,HR,F,2023-10-15 00:00:00,336399
E1459,Sandra Nichols,Marketing,M,2023-10-22 00:00:00,148966
E1460,Taylor Tate,HR,F,2023-10-29 00:00:00,379751
E1461,Paula Haynes,Marketing,M,2023-11-05 00:00:00,306238
E1462,Daniel Kennedy,Admin,M,2023-11-12 00:00:00,483644
E1463,Brendan Pace,IT,F,2023-11-19 00:00:00,483124
E1464,Haley Velez,Marketing,M,2023-11-26 00:00:00,288848
E1465,Debra Wagner,HR,F,2023-12-03 00:00:00,184648
E1466,Jordan Williams,Finance,F,2023-12-10 00:00:00,139283
E1467,Louis Church,Admin,M,2023-12-17 00:00:00,224412
E1468,Melissa Garza,Marketing,M,2023-12-24 00:00:00,344897
E1469,Kathryn Harrison,IT,M,2023-12-31 00:00:00,450949
E1470,Michael Ortiz,Admin,F,2024-01-07 00:00:00,332542
E1471,Mark Jones,HR,M,2024-01-14 00:00:00,431642
E1472,Zachary Brennan,Finance,F,2024-01-21 00:00:00,246645
E1473,Kristy Martin,Finance,F,2024-01-28 00:00:00,83325
E1474,Kevin Shelton,IT,M,2024-02-04 00:00:00,376881
E1475,Jeffrey Robinson,Admin,F,2024-02-11 00:00:00,144207
E1476,Melissa Smith MD,Admin,M,2024-02-18 00:00:00,372898
E1477,Sharon Armstrong,IT,M,2024-02-25 00:00:00,420485
E1478,Joshua Moore,Finance,F,2024-03-03 00:00:00,411787
E1479,Angela Guerrero,IT,F,2024-03-10 00:00:00,329866
E1480,Joseph Avila,IT,M,2024-03-17 00:00:00,335976
E1481,Michelle Edwards,IT,M,2024-03-24 00:00:00,492569
E1482,Jim Leach,Marketing,M,2024-03-31 00:00:00,194635
E1483,Shawn Cameron,Admin,F,2024-04-07 00:00:00,236260
E1484,Samantha Martinez,IT,F,2024-04-14 00:00:00,294088
E1485,Nancy Jimenez,Admin,F,2024-04-21 00:00:00,293048
E1486,Susan Lester,IT,M,2024-04-28 00:00:00,457482
E1487,Nancy Larson,Admin,F,2024-05-05 00:00:00,230924
E1488,Mrs. Brittany Gillespie,IT,F,2024-05-12 00:00:00,140545
E1489,Miranda Sandoval,IT,M,2024-05-19 00:00:00,186303
E1490,Robert Romero,IT,F,2024-05-26 00:00:00,96961
E1491,Jimmy Wilkins,HR,M,2024-06-02 00:00:00,282213
E1492,Catherine Tucker,IT,F,2024-06-09 00:00:00,241617
E1493,Dawn Francis,Marketing,M,2024-06-16 00:00:00,414395
E1494,Danny Cameron,Marketing,M,2024-06-23 00:00:00,186305
E1495,Timothy Woods,IT,M,2024-06-30 00:00:00,386856
E1496,Ricardo Smith,Marketing,M,2024-07-07 00:00:00,487102
E1497,Steven Thompson,Marketing,F,2024-07-14 00:00:00,494625
E1498,Tanya Rush,Admin,F,2024-07-21 00:00:00,235402
E1499,Donald Hammond,IT,F,2024-07-28 00:00:00,186182
E1500,Mrs. Shelley Davis,HR,M,2024-08-04 00:00:00,289117
E1501,Brent Jones,Admin,F,2024-08-11 00:00:00,237171
E1502,Breanna Acosta,Marketing,M,2024-08-18 00:00:00,191902
E1503,Darryl Osborne,Marketing,M,2024-08-25 00:00:00,289291
E1504,Isaac Hernandez,Admin,F,2024-09-01 00:00:00,231564
E1505,Brandon Flores,HR,F,2024-09-08 00:00:00,270228
E1506,Michelle Jackson,HR,M,2024-09-15 00:00:00,370343
E1507,Tiffany Nunez,Admin,M,2024-09-22 00:00:00,122412
E1508,Ian Hensley,HR,F,2024-09-29 00:00:00,287036
E1509,Robert Hammond,IT,F,2024-10-06 00:00:00,192415
E1510,Hannah Washington,HR,F,2024-10-13 00:00:00,364770
E1511,Stephen Phillips,HR,F,2024-10-20 00:00:00,188416
E1512,Julie Daniel,Marketing,M,2024-10-27 00:00:00,429334
E1513,Kerry Cooley,HR,M,2024-11-03 00:00:00,147486
E1514,Daniel Young,Marketing,M,2024-11-10 00:00:00,493320
E1515,William Cole,IT,M,2024-11-17 00:00:00,333509
E1516,Steven Walters,Marketing,M,2024-11-24 00:00:00,150315
E1517,Daniel Diaz,Admin,M,2024-12-01 00:00:00,212642
E1518,Shannon Avila PhD,HR,F,2024-12-08 00:00:00,240797
E1519,James Deleon,Admin,M,2024-12-15 00:00:00,300446
E1520,Kelsey Beck,HR,M,2024-12-22 00:00:00,399054
E1521,Brittany Newman,IT,F,2024-12-29 00:00:00,355404
E1522,Angela Miller,Admin,M,2025-01-05 00:00:00,324855
E1523,Molly Morgan,HR,F,2025-01-12 00:00:00,145086
E1524,Carlos Bartlett,Marketing,F,2025-01-19 00:00:00,440714
E1525,Laura Stanley,IT,M,2025-01-26 00:00:00,157193
E1526,Erik Bryant,IT,M,2025-02-02 00:00:00,373530
E1527,Robert Martinez,Admin,F,2025-02-09 00:00:00,292452
E1528,Donald Williams,HR,F,2025-02-16 00:00:00,202292
E1529,Kimberly Harris,Finance,F,2025-02-23 00:00:00,103817
E1530,Nicole Neal,Finance,M,2025-03-02 00:00:00,485663
E1531,Victoria Scott,Admin,F,2025-03-09 00:00:00,387434
E1532,Lauren Vega,Marketing,F,2025-03-16 00:00:00,269355
E1533,Ryan Peterson,Admin,M,2025-03-23 00:00:00,239814
E1534,Robert Taylor,Admin,M,2025-03-30 00:00:00,458893
E1535,Patrick Mckinney,Admin,M,2025-04-06 00:00:00,184751
E1536,John Douglas,Finance,F,2025-04-13 00:00:00,135725
E1537,Jesse Stone,HR,F,2025-04-20 00:00:00,249360
E1538,Sarah Parker,Finance,F,2025-04-27 00:00:00,134903
E1539,Kenneth Martinez,HR,M,2025-05-04 00:00:00,274396
E1540,John Mullins,IT,M,2025-05-11 00:00:00,303409
E1541,Taylor Wilson DVM,HR,M,2025-05-18 00:00:00,230014
E1542,Emily Murray,HR,F,2025-05-25 00:00:00,420272
E1543,Emily Rivera,Admin,M,2025-06-01 00:00:00,86520
E1544,Douglas Gray,Finance,F,2025-06-08 00:00:00,307517
E1545,Karen Sosa,HR,F,2025-06-15 00:00:00,351699
E1546,Suzanne Howard,IT,F,2025-06-22 00:00:00,485786
E1547,James Pena,Admin,F,2025-06-29 00:00:00,230072
E1548,Holly Becker,IT,M,2025-07-06 00:00:00,351306
E1549,Jennifer Carr,Marketing,F,2025-07-13 00:00:00,274291
E1550,Adam Hartman,Admin,M,2025-07-20 00:00:00,429141
E1551,Samuel Davis,Marketing,F,2025-07-27 00:00:00,304791
E1552,Samantha Vasquez,Admin,M,2025-08-03 00:00:00,488092
E1553,Jean Berg,IT,M,2025-08-10 00:00:00,283835
E1554,Matthew Edwards,HR,F,2025-08-17 00:00:00,194391
E1555,Beverly Ward,IT,M,2025-08-24 00:00:00,167951
E1556,Jamie Mayer,Admin,F,2025-08-31 00:00:00,423008
E1557,Jennifer Hurst,Finance,M,2025-09-07 00:00:00,115644
E1558,Darrell Escobar,Marketing,F,2025-09-14 00:00:00,223168
E1559,Angela Richardson,Marketing,F,2025-09-21 00:00:00,410646
E1560,Christian Trevino,Finance,M,2025-09-28 00:00:00,123653
E1561,Lindsey Jones,IT,F,2025-10-05 00:00:00,296408
E1562,Jacqueline Brown,Marketing,M,2025-10-12 00:00:00,184287
E1563,Debra Robinson,Finance,F,2025-10-19 00:00:00,277717
E1564,Kelly Lawrence,IT,M,2025-10-26 00:00:00,290738
E1565,Peter Compton,IT,M,2025-11-02 00:00:00,494396
E1566,Sandra Black,IT,M,2025-11-09 00:00:00,146687
E1567,Justin Lee,Marketing,M,2025-11-16 00:00:00,496020
E1568,Gerald Stewart,HR,F,2025-11-23 00:00:00,206541
E1569,Kelly Mcknight,Finance,F,2025-11-30 00:00:00,395574
E1570,Roger Reeves,HR,M,2025-12-07 00:00:00,447841
E1571,Hannah Robinson,Marketing,F,2025-12-14 00:00:00,457850
E1572,Anna Brown,Finance,M,2025-12-21 00:00:00,193897
E1573,Jeanette Zimmerman,Admin,M,2025-12-28 00:00:00,119641
E1574,Laura Rodriguez,IT,M,2026-01-04 00:00:00,472966
E1575,William Love,IT,F,2026-01-11 00:00:00,338747
E1576,Joel Horne,Marketing,F,2026-01-18 00:00:00,153609
E1577,Ryan Johnson,Finance,M,2026-01-25 00:00:00,445298
E1578,Christopher Wilcox,IT,F,2026-02-01 00:00:00,101113
E1579,Jennifer Bean,Finance,F,2026-02-08 00:00:00,427458
E1580,Tina Ryan DVM,IT,M,2026-02-15 00:00:00,496026
E1581,Joseph Pope,Finance,M,2026-02-22 00:00:00,187862
E1582,Marilyn Bennett,IT,F,2026-03-01 00:00:00,480261
E1583,Melanie Ortiz,HR,M,2026-03-08 00:00:00,482964
E1584,Dawn Curry,IT,M,2026-03-15 00:00:00,284415
E1585,Nathaniel Norris,IT,M,2026-03-22 00:00:00,352912
E1586,Eugene Bennett,Admin,M,2026-03-29 00:00:00,257844
E1587,Steven Hartman,Admin,M,2026-04-05 00:00:00,224441
E1588,Megan Petty,Admin,F,2026-04-12 00:00:00,257154
E1589,Megan Bauer,IT,M,2026-04-19 00:00:00,377208
E1590,Jackson Thornton,Admin,F,2026-04-26 00:00:00,89911
E1591,Jacob Reyes,Finance,F,2026-05-03 00:00:00,264733
E1592,Bradley Nguyen,Finance,F,2026-05-10 00:00:00,458175
E1593,Lisa Sims,Marketing,F,2026-05-17 00:00:00,284817
E1594,Harry Dean,Finance,M,2026-05-24 00:00:00,407482
E1595,Nicole Barnes,Marketing,M,2026-05-31 00:00:00,345365
E1596,David Bishop,HR,F,2026-06-07 00:00:00,226899
E1597,Keith Bautista,Admin,F,2026-06-14 00:00:00,280363
E1598,Lisa Miranda,Finance,M,2026-06-21 00:00:00,440430
E1599,Brendan Murphy,Marketing,F,2026-06-28 00:00:00,166622
E1600,Lisa Nelson,HR,M,2026-07-05 00:00:00,242176
E1601,Jonathan Armstrong,IT,M,2026-07-12 00:00:00,370175
E1602,Molly Caldwell,IT,M,2026-07-19 00:00:00,290198
E1603,Oscar Grant,Finance,M,2026-07-26 00:00:00,345460
E1604,Gerald Smith,HR,M,2026-08-02 00:00:00,387389
E1605,Jacqueline Gutierrez,Marketing,F,2026-08-09 00:00:00,152585
E1606,Johnathan Gould,Marketing,F,2026-08-16 00:00:00,381856
E1607,Jasmine Rich,IT,M,2026-08-23 00:00:00,495688
E1608,Brian Wilson,IT,M,2026-08-30 00:00:00,191982
E1609,Kelly Brown,HR,F,2026-09-06 00:00:00,499111
E1610,Barry Sanchez,Finance,M,2026-09-13 00:00:00,379196
E1611,Kimberly Wells,HR,M,2026-09-20 00:00:00,354821
E1612,Robert Richardson,IT,M,2026-09-27 00:00:00,341295
E1613,Alexis Morgan,Admin,M,2026-10-04 00:00:00,266409
E1614,Melissa Smith,IT,M,2026-10-11 00:00:00,307410
E1615,Shane Sherman,Finance,M,2026-10-18 00:00:00,394877
E1616,Caleb Newman,HR,M,2026-10-25 00:00:00,384154
E1617,Ethan Smith,IT,M,2026-11-01 00:00:00,477495
E1618,Benjamin Hess,Marketing,M,2026-11-08 00:00:00,222675
E1619,Jordan Ball,Marketing,F,2026-11-15 00:00:00,155803
E1620,Briana Thompson,Finance,M,2026-11-22 00:00:00,114366
E1621,Nicole Chandler,IT,M,2026-11-29 00:00:00,224551
E1622,William Beck,Marketing,F,2026-12-06 00:00:00,217268
E1623,Yvette Watson,Marketing,M,2026-12-13 00:00:00,431082
E1624,Julie Black,Admin,M,2026-12-20 00:00:00,358305
E1625,Kristopher Carter,Finance,M,2026-12-27 00:00:00,375476
E1626,Tina Jackson,Admin,M,2027-01-03 00:00:00,396577
E1627,Frances Richards,Finance,F,2027-01-10 00:00:00,102950
E1628,Derek Graves,HR,M,2027-01-17 00:00:00,242948
E1629,Haley Maldonado,Admin,F,2027-01-24 00:00:00,360912
E1630,Holly Pope,HR,F,2027-01-31 00:00:00,89730
E1631,Mary Bryant,Marketing,M,2027-02-07 00:00:00,373396
E1632,Lori Fox,HR,F,2027-02-14 00:00:00,193727
E1633,Becky Lucas,HR,F,2027-02-21 00:00:00,454675
E1634,Christopher Peterson,HR,M,2027-02-28 00:00:00,460631
E1635,Jesse Martinez,IT,M,2027-03-07 00:00:00,235911
E1636,Brendan Watson,Admin,F,2027-03-14 00:00:00,374550
E1637,Tammy Chambers,Admin,F,2027-03-21 00:00:00,246054
E1638,Michael Young,IT,M,2027-03-28 00:00:00,104539
E1639,James Daniels,IT,F,2027-04-04 00:00:00,366880
E1640,Cody Stone,Admin,M,2027-04-11 00:00:00,170045
E1641,Angela Bell,IT,F,2027-04-18 00:00:00,425553
E1642,Phillip Hill,HR,F,2027-04-25 00:00:00,496663
E1643,Cindy Bishop,Marketing,M,2027-05-02 00:00:00,486825
E1644,Charles Stanley,Admin,F,2027-05-09 00:00:00,357053
E1645,Mrs. Jennifer Collier,Admin,M,2027-05-16 00:00:00,149828
E1646,Ellen Hendrix,HR,M,2027-05-23 00:00:00,164851
E1647,Thomas Wells,Admin,M,2027-05-30 00:00:00,133932
E1648,Tyler Ortega,Finance,F,2027-06-06 00:00:00,82245
E1649,Donald Guerrero,HR,M,2027-06-13 00:00:00,330947
E1650,Mr. Brian Johnson,IT,F,2027-06-20 00:00:00,366927
E1651,Jerry Henderson,HR,M,2027-06-27 00:00:00,448800
E1652,Richard Zamora,Finance,F,2027-07-04 00:00:00,252300
E1653,Brittany Rice,Finance,M,2027-07-11 00:00:00,166636
E1654,Larry Flores,Admin,F,2027-07-18 00:00:00,379138
E1655,Alexandra Hall,Finance,M,2027-07-25 00:00:00,481952
E1656,William Randall,Marketing,M,2027-08-01 00:00:00,95720
E1657,Samantha Garcia,Finance,F,2027-08-08 00:00:00,110019
E1658,Ashley Rivera,Finance,F,2027-08-15 00:00:00,267148
E1659,Ryan Williams,Marketing,F,2027-08-22 00:00:00,260916
E1660,Peter Jenkins,Finance,M,2027-08-29 00:00:00,221408
E1661,Tiffany Collins,IT,F,2027-09-05 00:00:00,272539
E1662,Tamara Lee,Marketing,F,2027-09-12 00:00:00,166825
E1663,Heather Miller,Admin,M,2027-09-19 00:00:00,227283
E1664,Michael Morrison,Marketing,M,2027-09-26 00:00:00,97686
E1665,Jason Thompson,Marketing,F,2027-10-03 00:00:00,378686
E1666,Shane Wiley,IT,F,2027-10-10 00:00:00,370409
E1667,Jacqueline Knight,IT,M,2027-10-17 00:00:00,418205
E1668,Samuel Jenkins,Marketing,F,2027-10-24 00:00:00,366425
E1669,Mindy Price,IT,F,2027-10-31 00:00:00,91396
E1670,Daniel Price,HR,M,2027-11-07 00:00:00,495007
E1671,Ian Garrett,Admin,M,2027-11-14 00:00:00,293260
E1672,Jordan Santiago,Marketing,F,2027-11-21 00:00:00,262671
E1673,Meredith Maldonado,Admin,F,2027-11-28 00:00:00,232632
E1674,William Santos,HR,M,2027-12-05 00:00:00,295090
E1675,Mrs. Kelly Brewer,IT,M,2027-12-12 00:00:00,409803
E1676,Pamela Gillespie,HR,M,2027-12-19 00:00:00,312889
E1677,Rebecca Mahoney,IT,M,2027-12-26 00:00:00,390892
E1678,Daniel Higgins,Marketing,M,2028-01-02 00:00:00,104609
E1679,Kelly Butler,Finance,M,2028-01-09 00:00:00,338050
E1680,Michael Anderson,Finance,F,2028-01-16 00:00:00,108042
E1681,Paul Gibson,Finance,M,2028-01-23 00:00:00,92204
E1682,Latoya Moore,HR,M,2028-01-30 00:00:00,261999
E1683,Leroy Martin,Marketing,M,2028-02-06 00:00:00,89816
E1684,Laura Sullivan,Admin,M,2028-02-13 00:00:00,260690
E1685,Nathan Boyer,Admin,M,2028-02-20 00:00:00,354324
E1686,Alice Clarke,Marketing,F,2028-02-27 00:00:00,457718
E1687,Jennifer Johnson,Finance,M,2028-03-05 00:00:00,262266
E1688,Kristi Richardson,Finance,F,2028-03-12 00:00:00,208925
E1689,Maria Collins,Admin,F,2028-03-19 00:00:00,132067
E1690,John Schultz,Admin,F,2028-03-26 00:00:00,440499
E1691,Alexander Franco,Marketing,M,2028-04-02 00:00:00,413017
E1692,Maria West,Finance,M,2028-04-09 00:00:00,313761
E1693,Curtis Diaz,Finance,F,2028-04-16 00:00:00,362075
E1694,Noah Cameron,HR,F,2028-04-23 00:00:00,142231
E1695,Deborah Smith,IT,F,2028-04-30 00:00:00,414544
E1696,Nicole Rodriguez,IT,F,2028-05-07 00:00:00,270065
E1697,Charles Burke,IT,F,2028-05-14 00:00:00,181805
E1698,Andrew Peterson,Marketing,M,2028-05-21 00:00:00,435411
E1699,Jennifer Ford,Admin,M,2028-05-28 00:00:00,267120
E1700,Sue Glenn,Admin,M,2028-06-04 00:00:00,439661
E1701,Debra Mcgrath,Finance,M,2028-06-11 00:00:00,118542
E1702,Thomas Snyder,Marketing,F,2028-06-18 00:00:00,258617
E1703,Curtis Pena,Finance,F,2028-06-25 00:00:00,223057
E1704,Evan Butler,HR,F,2028-07-02 00:00:00,492050
E1705,Tammy Cunningham,HR,F,2028-07-09 00:00:00,404602
E1706,Jeremy Leonard,IT,M,2028-07-16 00:00:00,159197
E1707,Philip Vasquez,Admin,M,2028-07-23 00:00:00,281043
E1708,Kelly Nolan,Admin,F,2028-07-30 00:00:00,246275
E1709,Diana Martinez,Admin,F,2028-08-06 00:00:00,228317
E1710,Ricky Knapp,IT,F,2028-08-13 00:00:00,290293
E1711,Cassandra Arias,Finance,F,2028-08-20 00:00:00,377647
E1712,Bradley Washington,Marketing,F,2028-08-27 00:00:00,217200
E1713,Rebecca Garcia,Marketing,M,2028-09-03 00:00:00,120302
E1714,Alexander Pratt,HR,M,2028-09-10 00:00:00,311309
E1715,Logan Garza,Marketing,M,2028-09-17 00:00:00,255396
E1716,Daniel Johnson,HR,M,2028-09-24 00:00:00,140651
E1717,Donald Russell,IT,F,2028-10-01 00:00:00,437118
E1718,Robin Berry,IT,F,2028-10-08 00:00:00,326653
E1719,Mary Williams,Marketing,M,2028-10-15 00:00:00,110197
E1720,Kimberly Vega,Admin,M,2028-10-22 00:00:00,123204
E1721,Benjamin Roth,Finance,F,2028-10-29 00:00:00,480632
E1722,Luis Young,Marketing,M,2028-11-05 00:00:00,108822
E1723,Lauren Rojas DVM,IT,M,2028-11-12 00:00:00,343768
E1724,Sandra Todd,Marketing,F,2028-11-19 00:00:00,487794
E1725,David Chavez,HR,F,2028-11-26 00:00:00,333960
E1726,Sara Delgado,Finance,F,2028-12-03 00:00:00,475946
E1727,John Evans,HR,M,2028-12-10 00:00:00,229721
E1728,Jennifer Flores DDS,Admin,F,2028-12-17 00:00:00,363527
E1729,Elizabeth Johnson,IT,M,2028-12-24 00:00:00,348791
E1730,Tricia Patterson,Admin,M,2028-12-31 00:00:00,175386
E1731,Kenneth Thompson,HR,F,2029-01-07 00:00:00,340332
E1732,Renee Morales,IT,M,2029-01-14 00:00:00,303880
E1733,David Richardson,IT,M,2029-01-21 00:00:00,221396
E1734,Danny Key,IT,F,2029-01-28 00:00:00,467023
E1735,Brianna Johnson,IT,M,2029-02-04 00:00:00,148143
E1736,William Harrell,Admin,F,2029-02-11 00:00:00,138417
E1737,Matthew Arnold,Admin,M,2029-02-18 00:00:00,477684
E1738,Corey Henderson,Marketing,F,2029-02-25 00:00:00,360709
E1739,John Schneider,HR,M,2029-03-04 00:00:00,480214
E1740,Sara Simmons,Marketing,M,2029-03-11 00:00:00,442723
E1741,Justin Fisher,Marketing,F,2029-03-18 00:00:00,243535
E1742,Dawn Mccarthy,Marketing,M,2029-03-25 00:00:00,85026
E1743,Zachary Fields,HR,M,2029-04-01 00:00:00,314642
E1744,Aaron Griffith,HR,M,2029-04-08 00:00:00,145833
E1745,Thomas Cooper,Admin,M,2029-04-15 00:00:00,298510
E1746,Patrick Delgado,IT,M,2029-04-22 00:00:00,349935
E1747,Alexander Nelson,IT,M,2029-04-29 00:00:00,392519
E1748,Stephanie Joseph,IT,F,2029-05-06 00:00:00,430362
E1749,Christine Duke,HR,F,2029-05-13 00:00:00,216421
E1750,Thomas James,Admin,F,2029-05-20 00:00:00,242386
E1751,Pamela Robinson,HR,F,2029-05-27 00:00:00,219903
E1752,Erin Schultz,HR,F,2029-06-03 00:00:00,476160
E1753,Michelle Cunningham,IT,F,2029-06-10 00:00:00,251813
E1754,Lisa Welch,IT,M,2029-06-17 00:00:00,210492
E1755,David Schmidt,IT,F,2029-06-24 00:00:00,431042
E1756,Tasha Brown,Finance,M,2029-07-01 00:00:00,452925
E1757,Sandra Welch,Marketing,F,2029-07-08 00:00:00,345157
E1758,Tyrone Nguyen,Admin,M,2029-07-15 00:00:00,192126
E1759,Keith Evans,HR,F,2029-07-22 00:00:00,469098
E1760,Diana Stanley,IT,M,2029-07-29 00:00:00,330149
E1761,Melissa Lowe,Marketing,M,2029-08-05 00:00:00,348582
E1762,Charles Sanchez,Finance,M,2029-08-12 00:00:00,493723
E1763,Amy Bryant,HR,F,2029-08-19 00:00:00,98761
E1764,Thomas Taylor,Admin,M,2029-08-26 00:00:00,114388
E1765,Cheryl Spencer,IT,M,2029-09-02 00:00:00,475646
E1766,Alicia Rivera,Admin,M,2029-09-09 00:00:00,129143
E1767,Mrs. Krystal Allen MD,IT,M,2029-09-16 00:00:00,85271
E1768,Jennifer Nelson,Finance,M,2029-09-23 00:00:00,257872
E1769,Lucas Jenkins MD,Admin,M,2029-09-30 00:00:00,253803
E1770,Sarah Conway,IT,F,2029-10-07 00:00:00,153591
E1771,Amy Daniels,IT,F,2029-10-14 00:00:00,239764
E1772,Patrick Braun,HR,M,2029-10-21 00:00:00,346870
E1773,Mark Johnson,IT,M,2029-10-28 00:00:00,287814
E1774,David Nelson,Finance,M,2029-11-04 00:00:00,230104
E1775,Anthony Cooper,IT,F,2029-11-11 00:00:00,162951
E1776,Anthony Anderson,Marketing,M,2029-11-18 00:00:00,425395
E1777,Michelle Saunders,Admin,M,2029-11-25 00:00:00,156216
E1778,Andrew Wagner,IT,F,2029-12-02 00:00:00,418083
E1779,Karen Wagner,Finance,F,2029-12-09 00:00:00,451016
E1780,Christine Ford,Admin,F,2029-12-16 00:00:00,415735
E1781,Dawn Keller,Admin,F,2029-12-23 00:00:00,385599
E1782,Travis Williams,Admin,F,2029-12-30 00:00:00,464783
E1783,David Romero,Admin,F,2030-01-06 00:00:00,331925
E1784,Pamela Chaney,Marketing,M,2030-01-13 00:00:00,163509
E1785,Charles Conner,Finance,M,2030-01-20 00:00:00,367599
E1786,Veronica Fields,Finance,M,2030-01-27 00:00:00,415542
E1787,John Beck,Finance,M,2030-02-03 00:00:00,217420
E1788,Sheila Wilson,Marketing,F,2030-02-10 00:00:00,297502
E1789,Seth Glover,Admin,F,2030-02-17 00:00:00,160802
E1790,Joshua Cowan,Finance,F,2030-02-24 00:00:00,202915
E1791,Dawn Jensen,HR,M,2030-03-03 00:00:00,340832
E1792,Dustin Moore,Admin,F,2030-03-10 00:00:00,164059
E1793,Jessica Howell,Marketing,F,2030-03-17 00:00:00,280682
E1794,Christopher Anderson,IT,M,2030-03-24 00:00:00,430216
E1795,Susan Brewer,Marketing,M,2030-03-31 00:00:00,494080
E1796,Elizabeth Bell,Finance,M,2030-04-07 00:00:00,194825
E1797,Cristina Davis,IT,M,2030-04-14 00:00:00,377099
E1798,Anne Munoz,IT,F,2030-04-21 00:00:00,83520
E1799,Joseph Santana,HR,F,2030-04-28 00:00:00,475170
E1800,Sharon Morgan,Finance,F,2030-05-05 00:00:00,123533
E1801,Matthew Vincent,Finance,F,2030-05-12 00:00:00,445342
E1802,Michael Oconnell,HR,M,2030-05-19 00:00:00,382611
E1803,Lindsey Mccullough,Admin,F,2030-05-26 00:00:00,186357
E1804,Connie Wood,HR,M,2030-06-02 00:00:00,438565
E1805,David Mendez,Marketing,M,2030-06-09 00:00:00,294433
E1806,Julie Nelson,Marketing,F,2030-06-16 00:00:00,132686
E1807,Jeffrey Miller,IT,F,2030-06-23 00:00:00,273926
E1808,Matthew Owens,Marketing,M,2030-06-30 00:00:00,168169
E1809,Theodore Cook II,HR,M,2030-07-07 00:00:00,491052
E1810,Richard Welch,IT,M,2030-07-14 00:00:00,90707
E1811,Ms. Valerie Jacobson,IT,M,2030-07-21 00:00:00,260742
E1812,Breanna Davis,Marketing,M,2030-07-28 00:00:00,179393
E1813,Melody Chase,Finance,M,2030-08-04 00:00:00,102160
E1814,Joseph Reese,IT,M,2030-08-11 00:00:00,494405
E1815,Jennifer Holden,Finance,M,2030-08-18 00:00:00,383490
E1816,Phillip Colon,Admin,M,2030-08-25 00:00:00,415104
E1817,Valerie Moore,HR,F,2030-09-01 00:00:00,285974
E1818,Nicole Reid,IT,F,2030-09-08 00:00:00,381223
E1819,Joanne Mccarthy,HR,F,2030-09-15 00:00:00,192337
E1820,Jason Carter,Marketing,M,2030-09-22 00:00:00,191938
E1821,Kelsey Bishop,Finance,F,2030-09-29 00:00:00,301838
E1822,Derek White,Finance,M,2030-10-06 00:00:00,80268
E1823,Maria Leach,IT,M,2030-10-13 00:00:00,286309
E1824,Anne Burns,Marketing,F,2030-10-20 00:00:00,307163
E1825,Adam Freeman,Marketing,M,2030-10-27 00:00:00,284104
E1826,Philip Miller,Finance,M,2030-11-03 00:00:00,164598
E1827,Joseph Sanchez,IT,M,2030-11-10 00:00:00,429945
E1828,Jennifer Chavez,Admin,M,2030-11-17 00:00:00,116971
E1829,Michael Ruiz,Finance,M,2030-11-24 00:00:00,94906
E1830,Scott Guerrero,Finance,F,2030-12-01 00:00:00,335324
E1831,Christopher Nguyen,Admin,F,2030-12-08 00:00:00,124733
E1832,Dr. Christina Mitchell,IT,F,2030-12-15 00:00:00,403941
E1833,Mrs. Brittany Lambert,Finance,F,2030-12-22 00:00:00,137494
E1834,Tracy Smith,HR,M,2030-12-29 00:00:00,453576
E1835,Margaret Taylor,Admin,M,2031-01-05 00:00:00,280936
E1836,Albert Velazquez,IT,F,2031-01-12 00:00:00,280335
E1837,Kristi Roberson,HR,M,2031-01-19 00:00:00,161230
E1838,Erin Cunningham,Admin,F,2031-01-26 00:00:00,431086
E1839,Scott Dougherty,IT,M,2031-02-02 00:00:00,298070
E1840,Kristin Thompson,Admin,F,2031-02-09 00:00:00,95026
E1841,Diane Armstrong,Marketing,F,2031-02-16 00:00:00,346760
E1842,Mr. Andre Merritt,IT,M,2031-02-23 00:00:00,353066
E1843,Stephen Johnson,HR,F,2031-03-02 00:00:00,433547
E1844,Joseph Palmer,Marketing,F,2031-03-09 00:00:00,381617
E1845,Erica Cervantes,IT,F,2031-03-16 00:00:00,125669
E1846,Jennifer Rogers,HR,M,2031-03-23 00:00:00,325967
E1847,Brian May,IT,M,2031-03-30 00:00:00,87289
E1848,Cynthia Miller,IT,F,2031-04-06 00:00:00,454883
E1849,Michael Garcia,Marketing,F,2031-04-13 00:00:00,228175
E1850,Kelly Hodges,Marketing,F,2031-04-20 00:00:00,91690
E1851,Connie Simpson,Admin,M,2031-04-27 00:00:00,368431
E1852,Justin Brown,HR,F,2031-05-04 00:00:00,340607
E1853,William Meyer,Marketing,F,2031-05-11 00:00:00,499227
E1854,Amanda Lewis,Finance,F,2031-05-18 00:00:00,139569
E1855,Michael Mills,Marketing,F,2031-05-25 00:00:00,209910
E1856,Jeffrey Hill,Finance,F,2031-06-01 00:00:00,112204
E1857,Elizabeth Brennan,IT,F,2031-06-08 00:00:00,157784
E1858,Rachel Sullivan,HR,M,2031-06-15 00:00:00,401831
E1859,Nicholas Barnes,Marketing,F,2031-06-22 00:00:00,255805
E1860,Stephanie Howe,Marketing,F,2031-06-29 00:00:00,146035
E1861,Robert Lee,Marketing,F,2031-07-06 00:00:00,217120
E1862,Andrew Cameron,HR,F,2031-07-13 00:00:00,317542
E1863,Jonathan Sullivan,Finance,F,2031-07-20 00:00:00,498978
E1864,Glenn Guzman,Admin,M,2031-07-27 00:00:00,406180
E1865,Adam Hinton,Marketing,F,2031-08-03 00:00:00,388208
E1866,Dr. Kathy Hart,Marketing,F,2031-08-10 00:00:00,155065
E1867,James Jenkins MD,Marketing,M,2031-08-17 00:00:00,143468
E1868,Nathaniel Baldwin,Admin,M,2031-08-24 00:00:00,497919
E1869,Christopher Jackson,Admin,F,2031-08-31 00:00:00,166808
E1870,Nicole Smith,Finance,M,2031-09-07 00:00:00,226138
E1871,Pamela Hawkins,HR,F,2031-09-14 00:00:00,187418
E1872,Dominique Perez,IT,M,2031-09-21 00:00:00,143566
E1873,Roger Walker,Marketing,M,2031-09-28 00:00:00,96272
E1874,Nicholas Butler,Finance,M,2031-10-05 00:00:00,490467
E1875,Elizabeth Alvarado,Finance,M,2031-10-12 00:00:00,438597
E1876,Megan Sullivan,Admin,F,2031-10-19 00:00:00,109632
E1877,Dylan Thompson,HR,M,2031-10-26 00:00:00,380709
E1878,Patricia Hall,HR,M,2031-11-02 00:00:00,488704
E1879,Dr. Kelly Greene,Finance,M,2031-11-09 00:00:00,487498
E1880,Aaron Cole,IT,F,2031-11-16 00:00:00,483470
E1881,Kimberly Nelson,Marketing,F,2031-11-23 00:00:00,159303
E1882,Lisa Perez,Finance,M,2031-11-30 00:00:00,313946
E1883,Monica Ho,Admin,M,2031-12-07 00:00:00,221588
E1884,Kevin Wilson,Finance,M,2031-12-14 00:00:00,113528
E1885,Patricia Campos,IT,F,2031-12-21 00:00:00,326846
E1886,Christopher Weaver,IT,F,2031-12-28 00:00:00,420577
E1887,Donna Martinez,IT,M,2032-01-04 00:00:00,434256
E1888,John Mack,Admin,M,2032-01-11 00:00:00,193148
E1889,Michele Marshall,HR,M,2032-01-18 00:00:00,463856
E1890,Christina Franco,Finance,M,2032-01-25 00:00:00,471368
E1891,Jessica King,IT,F,2032-02-01 00:00:00,218470
E1892,Brenda Ruiz,Marketing,M,2032-02-08 00:00:00,130678
E1893,Jeremy King,IT,M,2032-02-15 00:00:00,197840
E1894,William Johnson,IT,F,2032-02-22 00:00:00,299932
E1895,Dylan Griffin,Admin,M,2032-02-29 00:00:00,109325
E1896,Samuel Burke,HR,M,2032-03-07 00:00:00,267169
E1897,Patricia Jimenez,Finance,F,2032-03-14 00:00:00,401691
E1898,Tyler Gonzales,Finance,M,2032-03-21 00:00:00,130266
E1899,Joshua Robertson,Marketing,F,2032-03-28 00:00:00,283713
E1900,Steven Kirk,HR,F,2032-04-04 00:00:00,169192
E1901,Steven Stewart,HR,F,2032-04-11 00:00:00,300660
E1902,Derrick Moore,Marketing,F,2032-04-18 00:00:00,320478
E1903,Theresa Reeves,HR,M,2032-04-25 00:00:00,469892
E1904,Jordan Mcdonald,Finance,M,2032-05-02 00:00:00,240558
E1905,Louis Smith,HR,M,2032-05-09 00:00:00,239710
E1906,John Brown,HR,F,2032-05-16 00:00:00,469685
E1907,Mary Sanders,Finance,F,2032-05-23 00:00:00,273254
E1908,Katherine Lloyd,Marketing,M,2032-05-30 00:00:00,494042
E1909,Rachel Campbell,Marketing,F,2032-06-06 00:00:00,83818
E1910,Christopher Horton,Marketing,F,2032-06-13 00:00:00,264189
E1911,Marcus Turner,HR,F,2032-06-20 00:00:00,154909
E1912,Jennifer Mann,IT,M,2032-06-27 00:00:00,469872
E1913,Tyler Scott,HR,F,2032-07-04 00:00:00,316866
E1914,Cathy Baldwin,Marketing,F,2032-07-11 00:00:00,421403
E1915,Sherry Coleman,IT,F,2032-07-18 00:00:00,199651
E1916,Renee Harper,Marketing,M,2032-07-25 00:00:00,416927
E1917,Tiffany Acosta,Admin,M,2032-08-01 00:00:00,108006
E1918,Trevor Bullock,Finance,F,2032-08-08 00:00:00,242622
E1919,Tara Campbell,Marketing,M,2032-08-15 00:00:00,109078
E1920,Isabella Farmer,Admin,F,2032-08-22 00:00:00,367766
E1921,Christopher Hodge,Finance,F,2032-08-29 00:00:00,103833
E1922,Rodney Moss,Admin,F,2032-09-05 00:00:00,295684
E1923,Sabrina Parker,Admin,F,2032-09-12 00:00:00,118126
E1924,Gail French,IT,F,2032-09-19 00:00:00,447592
E1925,Kyle Campbell,Admin,F,2032-09-26 00:00:00,111152
E1926,Daniel Jones,Finance,F,2032-10-03 00:00:00,244754
E1927,Elizabeth Price,Admin,F,2032-10-10 00:00:00,325683
E1928,Mark Berry,HR,M,2032-10-17 00:00:00,487354
E1929,Taylor Taylor,HR,F,2032-10-24 00:00:00,237610
E1930,Meredith Crawford,Marketing,F,2032-10-31 00:00:00,166487
E1931,Jennifer Lopez,HR,F,2032-11-07 00:00:00,378614
E1932,Thomas Frank,HR,M,2032-11-14 00:00:00,236866
E1933,Jennifer Lewis,Finance,M,2032-11-21 00:00:00,268481
E1934,Kayla Collins,Admin,M,2032-11-28 00:00:00,317641
E1935,Ricky Harrington,Marketing,M,2032-12-05 00:00:00,166648
E1936,Kayla Bentley,Finance,M,2032-12-12 00:00:00,358632
E1937,Jon Greer,HR,F,2032-12-19 00:00:00,86757
E1938,Dominique Martinez,HR,M,2032-12-26 00:00:00,457464
E1939,Julia Austin,Marketing,F,2033-01-02 00:00:00,438544
E1940,Tara Owens,HR,M,2033-01-09 00:00:00,344695
E1941,Maurice Becker,Admin,M,2033-01-16 00:00:00,243264
E1942,Paul Sanford,Marketing,F,2033-01-23 00:00:00,449245
E1943,Deanna Patrick,HR,M,2033-01-30 00:00:00,125346
E1944,Dalton Miller,Marketing,F,2033-02-06 00:00:00,125279
E1945,Kimberly Chambers,Admin,F,2033-02-13 00:00:00,227013
E1946,Timothy Roberts,HR,F,2033-02-20 00:00:00,255131
E1947,Jennifer Fisher,IT,F,2033-02-27 00:00:00,361886
E1948,Amber Santiago,Admin,M,2033-03-06 00:00:00,333031
E1949,Katrina Porter,IT,F,2033-03-13 00:00:00,333278
E1950,Linda Robertson,Marketing,M,2033-03-20 00:00:00,319834
E1951,Jeffrey Thompson,HR,M,2033-03-27 00:00:00,226683
E1952,Kenneth Hall,IT,F,2033-04-03 00:00:00,175260
E1953,Destiny Martinez,Marketing,F,2033-04-10 00:00:00,279909
E1954,Todd Townsend,Finance,M,2033-04-17 00:00:00,291535
E1955,Jordan Soto,Marketing,F,2033-04-24 00:00:00,217961
E1956,Chad Woods,Finance,M,2033-05-01 00:00:00,323937
E1957,Shelby Martinez,Finance,F,2033-05-08 00:00:00,201507
E1958,Jason Taylor,Marketing,F,2033-05-15 00:00:00,206419
E1959,Jennifer Phillips,IT,M,2033-05-22 00:00:00,181641
E1960,Michelle Cole,Admin,M,2033-05-29 00:00:00,444919
E1961,Francisco Kerr DVM,HR,M,2033-06-05 00:00:00,349220
E1962,Rebekah Hopkins,IT,F,2033-06-12 00:00:00,168602
E1963,Kimberly Valencia,HR,F,2033-06-19 00:00:00,493424
E1964,Ariana Williams,Finance,M,2033-06-26 00:00:00,188281
E1965,Frank Cook,Finance,M,2033-07-03 00:00:00,100454
E1966,Michael Wu,Admin,M,2033-07-10 00:00:00,199994
E1967,Mark Murphy,IT,F,2033-07-17 00:00:00,130455
E1968,Carlos Thomas,IT,M,2033-07-24 00:00:00,256757
E1969,Shawn Bryan,IT,M,2033-07-31 00:00:00,312747
E1970,Meredith Price,HR,M,2033-08-07 00:00:00,378215
E1971,Evan Rodriguez,IT,F,2033-08-14 00:00:00,417527
E1972,Patrick Cook,HR,M,2033-08-21 00:00:00,375173
E1973,David Mitchell,Admin,F,2033-08-28 00:00:00,450202
E1974,Mary Johnson,Marketing,F,2033-09-04 00:00:00,304827
E1975,Jessica Greene,IT,M,2033-09-11 00:00:00,108962
E1976,Breanna Ward,Marketing,F,2033-09-18 00:00:00,174292
E1977,Jennifer Ward,Finance,M,2033-09-25 00:00:00,294975
E1978,Christopher Perez,HR,M,2033-10-02 00:00:00,465963
E1979,Alicia Wagner,IT,F,2033-10-09 00:00:00,364325
E1980,Michael Lang,IT,M,2033-10-16 00:00:00,182903
E1981,Kim Espinoza,HR,F,2033-10-23 00:00:00,475171
E1982,Jesse Mcmahon,IT,F,2033-10-30 00:00:00,383787
E1983,Anna Kelly,IT,M,2033-11-06 00:00:00,384312
E1984,Tracy Lopez,HR,F,2033-11-13 00:00:00,167110
E1985,Debra Wilson,Finance,F,2033-11-20 00:00:00,277323
E1986,David Calhoun,Marketing,F,2033-11-27 00:00:00,284146
E1987,Adam Webster,HR,F,2033-12-04 00:00:00,246119
E1988,Maria Grimes,HR,F,2033-12-11 00:00:00,142914
E1989,Christopher Montoya,HR,M,2033-12-18 00:00:00,177355
E1990,Dr. Jennifer Fitzpatrick DVM,Finance,F,2033-12-25 00:00:00,386066
E1991,Johnny Dean,Marketing,F,2034-01-01 00:00:00,211537
E1992,William Hurst,IT,F,2034-01-08 00:00:00,336534
E1993,Madeline Bowman,Marketing,M,2034-01-15 00:00:00,136551
E1994,Bethany Brady,Marketing,F,2034-01-22 00:00:00,400946
E1995,Carla Smith,HR,F,2034-01-29 00:00:00,101041
E1996,Michael Santos,Marketing,M,2034-02-05 00:00:00,372567
E1997,Dakota Mcgrath,HR,F,2034-02-12 00:00:00,425512
E1998,Lisa Smith,IT,F,2034-02-19 00:00:00,290284
E1999,Brian Johnson,IT,M,2034-02-26 00:00:00,117211
